"n_with_action_rate_cutoff","median_abs_error","p90_abs_error","max_abs_error"
1662,2.68642650167885e-05,0.000892936819256116,0.00129858047785203
