"regime","count","share"
"always0",572,0.340273646638905
"always1",80,0.0475907198096371
"cutoff_ok",1010,0.600832837596669
"nonmonotone",19,0.0113027959547888
