"n_switches_a_star","count","share"
"0",652,0.387864366448543
"1",1010,0.600832837596669
"2",16,0.00951814396192742
"3",3,0.00178465199286139
